Keyword,Latency (seconds),Generated Paragraph,Response Ratings,Peak Memory,Memory Delta,Input Tokens,Output Tokens,Total Tokens
Rainforest,4.310707092,"In the lush rainforest, vibrant green canopies stretch towards the sky, sheltering exotic wildlife. The air is thick with moisture, and birds and monkeys fill the air with sound. Towering trees, adorned with epiphytes and orchids, stand tall, creating a breathtaking ecosystem that teems with life and energy, full of wonder and awe-inspiring beauty.",9,0.656809807,0.539077759,2,74,76
Desert,3.491411924,"The desert is a vast, arid landscape of golden sands and rocky outcrops, where cacti stand tall and resilient. Under the scorching sun, the dunes stretch endlessly, sculpted by the whispers of the wind. As night falls, a canvas of twinkling stars unfolds, casting a mystical glow over the desert's serene beauty.",9,0.684995651,-0.020795822,2,72,74
Robotics,3.442097902,"Robotics is a dynamic field that integrates technology and innovation to create intelligent machines. These automated systems perform complex tasks with precision, transforming industries and revolutionizing lives. With advancements in artificial intelligence and machine learning, robotics is enhancing efficiency and productivity, promising a future where humans and machines collaborate seamlessly.",9,0.755462646,0.064585686,2,58,60
Blockchain,3.6845119,"Blockchain is a revolutionary digital ledger that securely records transactions across a network of computers. This decentralized system enables transparent, tamper-proof, and efficient data exchange, fostering trust and accountability. By utilizing advanced cryptography, blockchain technology ensures the integrity and authenticity of transactions, making it a cornerstone of modern finance, supply chain management, and cybersecurity. Its potential applications continue to expand, transforming industries and redefining the way we conduct business and interact online.",9,0.804548264,0.063103676,1,88,89
Tennis,3.466527224,"Tennis is a fast-paced sport that demands skill and strategy. Played on a rectangular court, players hit a ball back and forth, aiming to outmaneuver opponents. With its rich history and global popularity, tennis is a beloved spectacle, showcasing athleticism and mental toughness in captivating rallies.",9,0.769965172,0.061553955,2,58,60
Golf,3.508249521,"Golf is a precision club and ball sport, requiring focus and skill. Played on lush green courses, golfers navigate obstacles and challenges to score. With each swing, strategy and technique come into play, making it a mentally and physically demanding game. From serene landscapes to competitive tournaments, golf offers a unique experience, combining recreation, socialization, and personal achievement.",8,0.817268372,0.061079025,2,73,75
Coffee,3.797275782,"Rich and aromatic, coffee is a beloved beverage that invigorates the senses. With its deep, velvety texture and bold flavors, it's a morning staple for many. Whether savored in a quiet moment or shared with friends, coffee brings people together, fostering connection and warmth. Its distinctive aroma fills the air, tantalizing the taste buds and leaving a lasting impression, making it a daily delight for coffee lovers around the world.",9,0.812373161,0.008382797,1,88,89
Friendship,4.491969109,"Friendship is a profound bond between individuals, fostering trust, empathy, and mutual support. It brings people together, creating lasting memories and a sense of belonging. Through shared experiences, friendships grow, providing a foundation for personal growth and a network of caring relationships, making it a treasured part of life.",9,0.858280182,0.05864048,2,61,63
Venice,4.087271452,"Venice, the City of Water, is a mesmerizing destination. Its winding canals, adorned with historic bridges and ornate architecture, create a breathtakingly beautiful landscape. With its rich cultural heritage and romantic ambiance, Venice is a haven for artists, lovers, and travelers alike. The city's unique blend of Byzantine and Gothic styles, combined with its serene atmosphere, makes it an unforgettable experience, leaving visitors enchanted and inspired.",9,0.903236389,0.057970047,2,87,89
Tokyo,4.02750802,"Tokyo is a vibrant city, blending tradition and modernity. Neon-lit skyscrapers and ancient temples coexist, showcasing harmony. The city offers a unique experience, with world-class cuisine, innovative technology, and rich history, making it a fascinating destination where East meets West.",9,0.874822617,0.056243896,2,57,59
Galaxy,5.222168446,"The galaxy is a vast, starry expanse that stretches across the universe, comprising countless celestial bodies and mysterious phenomena. With its swirling clouds of gas and dust, it gives birth to new stars and planets, shaping the cosmos into an ever-evolving tapestry of wonder and discovery.",9,0.92042923,0.057760239,2,57,59
DNA,5.395749331,"DNA, the fundamental building block of life, is a intricate double helix molecule that contains the genetic blueprint of an organism. It determines traits, characteristics, and hereditary information, playing a crucial role in development, growth, and function. Its discovery has revolutionized fields like medicine, genetics, and biotechnology, unlocking new possibilities for understanding and improving life.",9,0.904791832,-0.126205444,1,72,73
Painting,4.299108028,"Painting is a vibrant form of artistic expression, bringing colors and emotions to life. With each brushstroke, a story unfolds, capturing the essence of the subject. From delicate watercolors to bold oil canvases, the medium varies, but the impact remains profound. As the artist's vision takes shape, the painting becomes a window into their soul, inviting viewers to step into a world of beauty and imagination, where creativity knows no bounds. The result is a masterpiece that transcends time and touches the heart.",9,0.877902985,0.0652771,2,102,104
Sculpture,3.46061492,"Sculpture is a captivating art form that brings three-dimensional creations to life. With meticulous craftsmanship, sculptors shape and mold materials like stone, metal, or clay to evoke emotions and convey meaning. From intricate figurines to monumental installations, sculptures can be both beautiful and thought-provoking, inviting viewers to explore their textures, forms, and symbolism. Whether classical or contemporary, sculpture has the power to inspire and connect people across cultures and time.",9,0.923706055,0.05574894,4,91,95
SUMMARY,Total Keywords Processed: 14,Total Time Taken: 65.2206 sec,Throughput: 0.2147 keywords/sec,Total Tokens Used: 1065,,,,
